<?xml version="1.0" encoding="utf-8"?>

<Defs>
  <SoundDef>
    <defName>HitTree</defName>  
    <context>MapOnly</context>
    <eventNames />  
	<maxVoices>2</maxVoices>
    <subSounds>
      <li>
        <grains>
          <li Class="AudioGrain_Folder">
            <clipFolderPath>Wood_strike</clipFolderPath>
          </li>
        </grains>      
        <volumeRange>
          <min>20</min>        
          <max>25</max>
        </volumeRange>      
        <pitchRange>
          <min>1</min>        
          <max>1.14837</max>
        </pitchRange>
      </li>
    </subSounds>
  </SoundDef>
</Defs>