<?xml version="1.0" encoding="utf-8" ?>
<Defs>

  <!--PawnKindDef Abstract="True" Name="BasePlayerPawnKind">
    <race>Alien_Tree</race>
    <combatPower>40</combatPower>
    <baseRecruitDifficulty>0.60</baseRecruitDifficulty>
    <isFighter>false</isFighter>
    <apparelIgnoreSeasons>true</apparelIgnoreSeasons>
    <forceNormalGearQuality>true</forceNormalGearQuality>
  </PawnKindDef>

  <PawnKindDef ParentName="BasePlayerPawnKind">
    <defName>PlayerTree</defName>
    <label>member</label>
    <defaultFactionType>PlayerColony</defaultFactionType>
    <backstoryCategories>
	<li>Tribal</li>
	</backstoryCategories>
    <chemicalAddictionChance>0.01</chemicalAddictionChance>
    <apparelTags>
      <li>Tribal</li>
    </apparelTags>
    <apparelMoney>
      <min>1000</min>
      <max>2400</max>
    </apparelMoney>
    <backstoryCryptosleepCommonality>0</backstoryCryptosleepCommonality>
  </PawnKindDef-->

</Defs>