<?xml version="1.0" encoding="utf-8" ?>
<Defs>

<LifeStageDef>
    <defName>TreeSapling</defName>
    <label>sapling</label>
    <bodySizeFactor>0.2</bodySizeFactor>
		<foodMaxFactor>1.5</foodMaxFactor>
		<healthScaleFactor>0.2</healthScaleFactor>
    <hungerRateFactor>0.1</hungerRateFactor>
    <marketValueFactor>0.5</marketValueFactor>
    <statFactors>
      <MoveSpeed>0.2</MoveSpeed>
    </statFactors>
  </LifeStageDef>

  <LifeStageDef>
    <defName>TreeYoung</defName>
    <label>Young Tree</label>
    <bodySizeFactor>0.32</bodySizeFactor>
		<foodMaxFactor>1.5</foodMaxFactor>
		<healthScaleFactor>0.4</healthScaleFactor>
    <hungerRateFactor>0.2</hungerRateFactor>
    <marketValueFactor>0.7</marketValueFactor>
    <statFactors>
      <MoveSpeed>0.3</MoveSpeed>
    </statFactors>
  </LifeStageDef>

  <LifeStageDef>
    <defName>TreeChild</defName>
    <label>child</label>
    <bodySizeFactor>0.5</bodySizeFactor>
    <healthScaleFactor>0.5</healthScaleFactor>
    <hungerRateFactor>0.3</hungerRateFactor>
    <marketValueFactor>0.9</marketValueFactor>
    <statFactors>
      <MoveSpeed>0.65</MoveSpeed>
    </statFactors>
  </LifeStageDef>

  <LifeStageDef>
    <defName>Treenager</defName>
    <label>treenager</label>
    <adjective>teenage</adjective>
    <reproductive>true</reproductive>
    <bodySizeFactor>0.85</bodySizeFactor>
    <healthScaleFactor>0.90</healthScaleFactor>
	<hungerRateFactor>.5</hungerRateFactor>
    <statFactors>
      <MoveSpeed>0.95</MoveSpeed>
    </statFactors>
  </LifeStageDef>
  
  <LifeStageDef>
    <defName>TreeAdult</defName>
	<hungerRateFactor>.5</hungerRateFactor>
    <label>adult</label>
    <visible>false</visible>
    <reproductive>true</reproductive>
  </LifeStageDef>
  
</Defs>